{
	"format_version": "1.21.6",
	"credit": "Made with Blockbench",
	"parent": "waystones:block/waystone_top",
	"textures": {
		"1": "waystones:block/mossy_waystone",
		"3": "waystones:block/mossy_waystone_top_overlay",
		"particle": "waystones:block/mossy_waystone_top",
		"texture": "waystones:block/mossy_waystone_top"
	},
	"elements": [
		{
			"name": "pillarTop",
			"from": [3, 0, 3],
			"to": [13, 9, 13],
			"faces": {
				"north": {"uv": [3, 7, 13, 16], "texture": "#texture"},
				"east": {"uv": [3, 7, 13, 16], "texture": "#texture"},
				"south": {"uv": [3, 7, 13, 16], "texture": "#texture"},
				"west": {"uv": [3, 7, 13, 16], "texture": "#texture"},
				"up": {"uv": [3, 3, 13, 13], "texture": "#1"},
				"down": {"uv": [3, 3, 13, 13], "texture": "#1"}
			}
		},
		{
			"name": "pillarTop",
			"from": [1, 9, 1],
			"to": [15, 16, 15],
			"faces": {
				"north": {"uv": [1, 0, 15, 7], "texture": "#texture"},
				"east": {"uv": [1, 0, 15, 7], "texture": "#texture"},
				"south": {"uv": [1, 0, 15, 7], "texture": "#texture"},
				"west": {"uv": [1, 0, 15, 7], "texture": "#texture"},
				"up": {"uv": [1, 1, 15, 15], "texture": "#1"},
				"down": {"uv": [1, 1, 15, 15], "texture": "#1"}
			}
		},
		{
			"name": "mossy_waystone_top_overlay_1",
			"from": [0.9, 6, 0.9],
			"to": [0.9, 12, 2],
			"rotation": {"angle": 0, "axis": "y", "origin": [-0.1, 0, 0]},
			"faces": {
				"north": {"uv": [1, 4, 2, 10], "texture": "#3"},
				"east": {"uv": [1, 10, 2, 4], "rotation": 180, "texture": "#3"},
				"south": {"uv": [1, 4, 2, 10], "texture": "#3"},
				"west": {"uv": [1, 4, 2, 10], "texture": "#3"},
				"up": {"uv": [2, 4, 1, 5], "rotation": 270, "texture": "#3"},
				"down": {"uv": [1, 9, 2, 10], "rotation": 270, "texture": "#3"}
			}
		},
		{
			"name": "mossy_waystone_top_overlay_2",
			"from": [0.9, 7, 14],
			"to": [0.9, 12, 15.1],
			"rotation": {"angle": 0, "axis": "y", "origin": [-0.1, 0, 0]},
			"faces": {
				"north": {"uv": [14, 4, 15, 9], "texture": "#3"},
				"east": {"uv": [14, 9, 15, 4], "rotation": 180, "texture": "#3"},
				"south": {"uv": [14, 4, 15, 9], "texture": "#3"},
				"west": {"uv": [14, 4, 15, 9], "texture": "#3"},
				"up": {"uv": [15, 4, 14, 5], "rotation": 270, "texture": "#3"},
				"down": {"uv": [14, 8, 15, 9], "rotation": 270, "texture": "#3"}
			}
		},
		{
			"name": "mossy_waystone_top_overlay_3",
			"from": [0.9, 9, 13],
			"to": [0.9, 11, 14],
			"rotation": {"angle": 0, "axis": "y", "origin": [-0.1, 0, 0]},
			"faces": {
				"north": {"uv": [13, 5, 14, 7], "texture": "#3"},
				"east": {"uv": [13, 7, 14, 5], "rotation": 180, "texture": "#3"},
				"south": {"uv": [13, 5, 14, 7], "texture": "#3"},
				"west": {"uv": [13, 5, 14, 7], "texture": "#3"},
				"up": {"uv": [14, 5, 13, 6], "rotation": 270, "texture": "#3"},
				"down": {"uv": [13, 6, 14, 7], "rotation": 270, "texture": "#3"}
			}
		},
		{
			"name": "mossy_waystone_top_overlay_4",
			"from": [0.9, 8, 2],
			"to": [0.9, 10, 3],
			"rotation": {"angle": 0, "axis": "y", "origin": [-0.1, 0, 0]},
			"faces": {
				"north": {"uv": [2, 6, 3, 8], "texture": "#3"},
				"east": {"uv": [2, 8, 3, 6], "rotation": 180, "texture": "#3"},
				"south": {"uv": [2, 6, 3, 8], "texture": "#3"},
				"west": {"uv": [2, 6, 3, 8], "texture": "#3"},
				"up": {"uv": [3, 6, 2, 7], "rotation": 270, "texture": "#3"},
				"down": {"uv": [2, 7, 3, 8], "rotation": 270, "texture": "#3"}
			}
		},
		{
			"name": "mossy_waystone_top_overlay_5",
			"from": [0.9, 9, 5],
			"to": [0.9, 10, 12],
			"rotation": {"angle": 0, "axis": "y", "origin": [-0.1, 0, 0]},
			"faces": {
				"north": {"uv": [5, 6, 6, 7], "texture": "#3"},
				"east": {"uv": [5, 7, 12, 6], "rotation": 180, "texture": "#3"},
				"south": {"uv": [11, 6, 12, 7], "texture": "#3"},
				"west": {"uv": [5, 6, 12, 7], "texture": "#3"},
				"up": {"uv": [12, 6, 5, 7], "rotation": 270, "texture": "#3"},
				"down": {"uv": [5, 6, 12, 7], "rotation": 270, "texture": "#3"}
			}
		},
		{
			"name": "mossy_waystone_top_overlay_6",
			"from": [0.9, 6, 6],
			"to": [0.9, 9, 8],
			"rotation": {"angle": 0, "axis": "y", "origin": [-0.1, 0, 0]},
			"faces": {
				"north": {"uv": [6, 7, 7, 10], "texture": "#3"},
				"east": {"uv": [6, 10, 8, 7], "rotation": 180, "texture": "#3"},
				"south": {"uv": [7, 7, 8, 10], "texture": "#3"},
				"west": {"uv": [6, 7, 8, 10], "texture": "#3"},
				"up": {"uv": [8, 7, 6, 8], "rotation": 270, "texture": "#3"},
				"down": {"uv": [6, 9, 8, 10], "rotation": 270, "texture": "#3"}
			}
		},
		{
			"name": "mossy_waystone_top_overlay_7",
			"from": [0.9, 7, 9],
			"to": [0.9, 9, 11],
			"rotation": {"angle": 0, "axis": "y", "origin": [-0.1, 0, 0]},
			"faces": {
				"north": {"uv": [9, 7, 10, 9], "texture": "#3"},
				"east": {"uv": [9, 9, 11, 7], "rotation": 180, "texture": "#3"},
				"south": {"uv": [10, 7, 11, 9], "texture": "#3"},
				"west": {"uv": [9, 7, 11, 9], "texture": "#3"},
				"up": {"uv": [11, 7, 9, 8], "rotation": 270, "texture": "#3"},
				"down": {"uv": [9, 8, 11, 9], "rotation": 270, "texture": "#3"}
			}
		},
		{
			"name": "mossy_waystone_top_overlay_8",
			"from": [0.9, 6, 11],
			"to": [0.9, 8, 12],
			"rotation": {"angle": 0, "axis": "y", "origin": [-0.1, 0, 0]},
			"faces": {
				"north": {"uv": [11, 8, 12, 10], "texture": "#3"},
				"east": {"uv": [11, 10, 12, 8], "rotation": 180, "texture": "#3"},
				"south": {"uv": [11, 8, 12, 10], "texture": "#3"},
				"west": {"uv": [11, 8, 12, 10], "texture": "#3"},
				"up": {"uv": [12, 8, 11, 9], "rotation": 270, "texture": "#3"},
				"down": {"uv": [11, 9, 12, 10], "rotation": 270, "texture": "#3"}
			}
		},
		{
			"name": "mossy_waystone_top_overlay_9",
			"from": [0.9, 4, 13],
			"to": [0.9, 8, 14],
			"rotation": {"angle": 0, "axis": "y", "origin": [-0.1, 0, 0]},
			"faces": {
				"north": {"uv": [13, 8, 14, 12], "texture": "#3"},
				"east": {"uv": [13, 12, 14, 8], "rotation": 180, "texture": "#3"},
				"south": {"uv": [13, 8, 14, 12], "texture": "#3"},
				"west": {"uv": [13, 8, 14, 12], "texture": "#3"},
				"up": {"uv": [14, 8, 13, 9], "rotation": 270, "texture": "#3"},
				"down": {"uv": [13, 11, 14, 12], "rotation": 270, "texture": "#3"}
			}
		},
		{
			"name": "mossy_waystone_top_overlay_10",
			"from": [0.9, 5, 2],
			"to": [0.9, 7, 3],
			"rotation": {"angle": 0, "axis": "y", "origin": [-0.1, 0, 0]},
			"faces": {
				"north": {"uv": [2, 9, 3, 11], "texture": "#3"},
				"east": {"uv": [2, 11, 3, 9], "rotation": 180, "texture": "#3"},
				"south": {"uv": [2, 9, 3, 11], "texture": "#3"},
				"west": {"uv": [2, 9, 3, 11], "texture": "#3"},
				"up": {"uv": [3, 9, 2, 10], "rotation": 270, "texture": "#3"},
				"down": {"uv": [2, 10, 3, 11], "rotation": 270, "texture": "#3"}
			}
		},
		{
			"name": "mossy_waystone_top_overlay_11",
			"from": [0.9, 5, 5],
			"to": [0.9, 7, 6],
			"rotation": {"angle": 0, "axis": "y", "origin": [-0.1, 0, 0]},
			"faces": {
				"north": {"uv": [5, 9, 6, 11], "texture": "#3"},
				"east": {"uv": [5, 11, 6, 9], "rotation": 180, "texture": "#3"},
				"south": {"uv": [5, 9, 6, 11], "texture": "#3"},
				"west": {"uv": [5, 9, 6, 11], "texture": "#3"},
				"up": {"uv": [6, 9, 5, 10], "rotation": 270, "texture": "#3"},
				"down": {"uv": [5, 10, 6, 11], "rotation": 270, "texture": "#3"}
			}
		},
		{
			"name": "mossy_waystone_top_overlay_12",
			"from": [0.9, 6, 9],
			"to": [0.9, 7, 10],
			"rotation": {"angle": 0, "axis": "y", "origin": [-0.1, 0, 0]},
			"faces": {
				"north": {"uv": [9, 9, 10, 10], "texture": "#3"},
				"east": {"uv": [9, 10, 10, 9], "rotation": 180, "texture": "#3"},
				"south": {"uv": [9, 9, 10, 10], "texture": "#3"},
				"west": {"uv": [9, 9, 10, 10], "texture": "#3"},
				"up": {"uv": [10, 9, 9, 10], "rotation": 270, "texture": "#3"},
				"down": {"uv": [9, 9, 10, 10], "rotation": 270, "texture": "#3"}
			}
		},
		{
			"name": "mossy_waystone_top_overlay_13",
			"from": [0.9, 6, 12],
			"to": [0.9, 7, 13],
			"rotation": {"angle": 0, "axis": "y", "origin": [-0.1, 0, 0]},
			"faces": {
				"north": {"uv": [12, 9, 13, 10], "texture": "#3"},
				"east": {"uv": [12, 10, 13, 9], "rotation": 180, "texture": "#3"},
				"south": {"uv": [12, 9, 13, 10], "texture": "#3"},
				"west": {"uv": [12, 9, 13, 10], "texture": "#3"},
				"up": {"uv": [13, 9, 12, 10], "rotation": 270, "texture": "#3"},
				"down": {"uv": [12, 9, 13, 10], "rotation": 270, "texture": "#3"}
			}
		},
		{
			"name": "mossy_waystone_top_overlay_14",
			"from": [0.9, 4, 3],
			"to": [0.9, 6, 5],
			"rotation": {"angle": 0, "axis": "y", "origin": [-0.1, 0, 0]},
			"faces": {
				"north": {"uv": [3, 10, 4, 12], "texture": "#3"},
				"east": {"uv": [3, 12, 5, 10], "rotation": 180, "texture": "#3"},
				"south": {"uv": [4, 10, 5, 12], "texture": "#3"},
				"west": {"uv": [3, 10, 5, 12], "texture": "#3"},
				"up": {"uv": [5, 10, 3, 11], "rotation": 270, "texture": "#3"},
				"down": {"uv": [3, 11, 5, 12], "rotation": 270, "texture": "#3"}
			}
		},
		{
			"name": "mossy_waystone_top_overlay_15",
			"from": [0.9, 3, 6],
			"to": [0.9, 6, 7],
			"rotation": {"angle": 0, "axis": "y", "origin": [-0.1, 0, 0]},
			"faces": {
				"north": {"uv": [6, 10, 7, 13], "texture": "#3"},
				"east": {"uv": [6, 13, 7, 10], "rotation": 180, "texture": "#3"},
				"south": {"uv": [6, 10, 7, 13], "texture": "#3"},
				"west": {"uv": [6, 10, 7, 13], "texture": "#3"},
				"up": {"uv": [7, 10, 6, 11], "rotation": 270, "texture": "#3"},
				"down": {"uv": [6, 12, 7, 13], "rotation": 270, "texture": "#3"}
			}
		},
		{
			"name": "mossy_waystone_top_overlay_16",
			"from": [0.9, 2, 4],
			"to": [0.9, 4, 5],
			"rotation": {"angle": 0, "axis": "y", "origin": [-0.1, 0, 0]},
			"faces": {
				"north": {"uv": [4, 12, 5, 14], "texture": "#3"},
				"east": {"uv": [4, 14, 5, 12], "rotation": 180, "texture": "#3"},
				"south": {"uv": [4, 12, 5, 14], "texture": "#3"},
				"west": {"uv": [4, 12, 5, 14], "texture": "#3"},
				"up": {"uv": [5, 12, 4, 13], "rotation": 270, "texture": "#3"},
				"down": {"uv": [4, 13, 5, 14], "rotation": 270, "texture": "#3"}
			}
		},
		{
			"name": "mossy_waystone_top_overlay_0",
			"from": [0.9, 6, 15.1],
			"to": [2, 12, 15.1],
			"faces": {
				"north": {"uv": [1, 10, 2, 4], "rotation": 180, "texture": "#3"},
				"east": {"uv": [1, 4, 2, 10], "texture": "#3"},
				"south": {"uv": [1, 4, 2, 10], "texture": "#3"},
				"west": {"uv": [1, 4, 2, 10], "texture": "#3"},
				"up": {"uv": [2, 4, 1, 5], "rotation": 180, "texture": "#3"},
				"down": {"uv": [1, 9, 2, 10], "texture": "#3"}
			}
		},
		{
			"name": "mossy_waystone_top_overlay_1",
			"from": [14, 7, 15.1],
			"to": [15.1, 12, 15.1],
			"faces": {
				"north": {"uv": [14, 9, 15, 4], "rotation": 180, "texture": "#3"},
				"east": {"uv": [14, 4, 15, 9], "texture": "#3"},
				"south": {"uv": [14, 4, 15, 9], "texture": "#3"},
				"west": {"uv": [14, 4, 15, 9], "texture": "#3"},
				"up": {"uv": [15, 4, 14, 5], "rotation": 180, "texture": "#3"},
				"down": {"uv": [14, 8, 15, 9], "texture": "#3"}
			}
		},
		{
			"name": "mossy_waystone_top_overlay_2",
			"from": [13, 9, 15.1],
			"to": [14, 11, 15.1],
			"faces": {
				"north": {"uv": [13, 7, 14, 5], "rotation": 180, "texture": "#3"},
				"east": {"uv": [13, 5, 14, 7], "texture": "#3"},
				"south": {"uv": [13, 5, 14, 7], "texture": "#3"},
				"west": {"uv": [13, 5, 14, 7], "texture": "#3"},
				"up": {"uv": [14, 5, 13, 6], "rotation": 180, "texture": "#3"},
				"down": {"uv": [13, 6, 14, 7], "texture": "#3"}
			}
		},
		{
			"name": "mossy_waystone_top_overlay_3",
			"from": [2, 8, 15.1],
			"to": [3, 10, 15.1],
			"faces": {
				"north": {"uv": [2, 8, 3, 6], "rotation": 180, "texture": "#3"},
				"east": {"uv": [2, 6, 3, 8], "texture": "#3"},
				"south": {"uv": [2, 6, 3, 8], "texture": "#3"},
				"west": {"uv": [2, 6, 3, 8], "texture": "#3"},
				"up": {"uv": [3, 6, 2, 7], "rotation": 180, "texture": "#3"},
				"down": {"uv": [2, 7, 3, 8], "texture": "#3"}
			}
		},
		{
			"name": "mossy_waystone_top_overlay_4",
			"from": [5, 9, 15.1],
			"to": [12, 10, 15.1],
			"faces": {
				"north": {"uv": [5, 7, 12, 6], "rotation": 180, "texture": "#3"},
				"east": {"uv": [11, 6, 12, 7], "texture": "#3"},
				"south": {"uv": [5, 6, 12, 7], "texture": "#3"},
				"west": {"uv": [5, 6, 6, 7], "texture": "#3"},
				"up": {"uv": [12, 6, 5, 7], "rotation": 180, "texture": "#3"},
				"down": {"uv": [5, 6, 12, 7], "texture": "#3"}
			}
		},
		{
			"name": "mossy_waystone_top_overlay_5",
			"from": [6, 6, 15.1],
			"to": [8, 9, 15.1],
			"faces": {
				"north": {"uv": [6, 10, 8, 7], "rotation": 180, "texture": "#3"},
				"east": {"uv": [7, 7, 8, 10], "texture": "#3"},
				"south": {"uv": [6, 7, 8, 10], "texture": "#3"},
				"west": {"uv": [6, 7, 7, 10], "texture": "#3"},
				"up": {"uv": [8, 7, 6, 8], "rotation": 180, "texture": "#3"},
				"down": {"uv": [6, 9, 8, 10], "texture": "#3"}
			}
		},
		{
			"name": "mossy_waystone_top_overlay_6",
			"from": [9, 7, 15.1],
			"to": [11, 9, 15.1],
			"faces": {
				"north": {"uv": [9, 9, 11, 7], "rotation": 180, "texture": "#3"},
				"east": {"uv": [10, 7, 11, 9], "texture": "#3"},
				"south": {"uv": [9, 7, 11, 9], "texture": "#3"},
				"west": {"uv": [9, 7, 10, 9], "texture": "#3"},
				"up": {"uv": [11, 7, 9, 8], "rotation": 180, "texture": "#3"},
				"down": {"uv": [9, 8, 11, 9], "texture": "#3"}
			}
		},
		{
			"name": "mossy_waystone_top_overlay_7",
			"from": [11, 6, 15.1],
			"to": [12, 8, 15.1],
			"faces": {
				"north": {"uv": [11, 10, 12, 8], "rotation": 180, "texture": "#3"},
				"east": {"uv": [11, 8, 12, 10], "texture": "#3"},
				"south": {"uv": [11, 8, 12, 10], "texture": "#3"},
				"west": {"uv": [11, 8, 12, 10], "texture": "#3"},
				"up": {"uv": [12, 8, 11, 9], "rotation": 180, "texture": "#3"},
				"down": {"uv": [11, 9, 12, 10], "texture": "#3"}
			}
		},
		{
			"name": "mossy_waystone_top_overlay_8",
			"from": [13, 4, 15.1],
			"to": [14, 8, 15.1],
			"faces": {
				"north": {"uv": [13, 12, 14, 8], "rotation": 180, "texture": "#3"},
				"east": {"uv": [13, 8, 14, 12], "texture": "#3"},
				"south": {"uv": [13, 8, 14, 12], "texture": "#3"},
				"west": {"uv": [13, 8, 14, 12], "texture": "#3"},
				"up": {"uv": [14, 8, 13, 9], "rotation": 180, "texture": "#3"},
				"down": {"uv": [13, 11, 14, 12], "texture": "#3"}
			}
		},
		{
			"name": "mossy_waystone_top_overlay_9",
			"from": [2, 5, 15.1],
			"to": [3, 7, 15.1],
			"faces": {
				"north": {"uv": [2, 11, 3, 9], "rotation": 180, "texture": "#3"},
				"east": {"uv": [2, 9, 3, 11], "texture": "#3"},
				"south": {"uv": [2, 9, 3, 11], "texture": "#3"},
				"west": {"uv": [2, 9, 3, 11], "texture": "#3"},
				"up": {"uv": [3, 9, 2, 10], "rotation": 180, "texture": "#3"},
				"down": {"uv": [2, 10, 3, 11], "texture": "#3"}
			}
		},
		{
			"name": "mossy_waystone_top_overlay_10",
			"from": [5, 5, 15.1],
			"to": [6, 7, 15.1],
			"faces": {
				"north": {"uv": [5, 11, 6, 9], "rotation": 180, "texture": "#3"},
				"east": {"uv": [5, 9, 6, 11], "texture": "#3"},
				"south": {"uv": [5, 9, 6, 11], "texture": "#3"},
				"west": {"uv": [5, 9, 6, 11], "texture": "#3"},
				"up": {"uv": [6, 9, 5, 10], "rotation": 180, "texture": "#3"},
				"down": {"uv": [5, 10, 6, 11], "texture": "#3"}
			}
		},
		{
			"name": "mossy_waystone_top_overlay_11",
			"from": [9, 6, 15.1],
			"to": [10, 7, 15.1],
			"faces": {
				"north": {"uv": [9, 10, 10, 9], "rotation": 180, "texture": "#3"},
				"east": {"uv": [9, 9, 10, 10], "texture": "#3"},
				"south": {"uv": [9, 9, 10, 10], "texture": "#3"},
				"west": {"uv": [9, 9, 10, 10], "texture": "#3"},
				"up": {"uv": [10, 9, 9, 10], "rotation": 180, "texture": "#3"},
				"down": {"uv": [9, 9, 10, 10], "texture": "#3"}
			}
		},
		{
			"name": "mossy_waystone_top_overlay_12",
			"from": [12, 6, 15.1],
			"to": [13, 7, 15.1],
			"faces": {
				"north": {"uv": [12, 10, 13, 9], "rotation": 180, "texture": "#3"},
				"east": {"uv": [12, 9, 13, 10], "texture": "#3"},
				"south": {"uv": [12, 9, 13, 10], "texture": "#3"},
				"west": {"uv": [12, 9, 13, 10], "texture": "#3"},
				"up": {"uv": [13, 9, 12, 10], "rotation": 180, "texture": "#3"},
				"down": {"uv": [12, 9, 13, 10], "texture": "#3"}
			}
		},
		{
			"name": "mossy_waystone_top_overlay_13",
			"from": [3, 4, 15.1],
			"to": [5, 6, 15.1],
			"faces": {
				"north": {"uv": [3, 12, 5, 10], "rotation": 180, "texture": "#3"},
				"east": {"uv": [4, 10, 5, 12], "texture": "#3"},
				"south": {"uv": [3, 10, 5, 12], "texture": "#3"},
				"west": {"uv": [3, 10, 4, 12], "texture": "#3"},
				"up": {"uv": [5, 10, 3, 11], "rotation": 180, "texture": "#3"},
				"down": {"uv": [3, 11, 5, 12], "texture": "#3"}
			}
		},
		{
			"name": "mossy_waystone_top_overlay_14",
			"from": [6, 3, 15.1],
			"to": [7, 6, 15.1],
			"faces": {
				"north": {"uv": [6, 13, 7, 10], "rotation": 180, "texture": "#3"},
				"east": {"uv": [6, 10, 7, 13], "texture": "#3"},
				"south": {"uv": [6, 10, 7, 13], "texture": "#3"},
				"west": {"uv": [6, 10, 7, 13], "texture": "#3"},
				"up": {"uv": [7, 10, 6, 11], "rotation": 180, "texture": "#3"},
				"down": {"uv": [6, 12, 7, 13], "texture": "#3"}
			}
		},
		{
			"name": "mossy_waystone_top_overlay_15",
			"from": [4, 2, 15.1],
			"to": [5, 4, 15.1],
			"faces": {
				"north": {"uv": [4, 14, 5, 12], "rotation": 180, "texture": "#3"},
				"east": {"uv": [4, 12, 5, 14], "texture": "#3"},
				"south": {"uv": [4, 12, 5, 14], "texture": "#3"},
				"west": {"uv": [4, 12, 5, 14], "texture": "#3"},
				"up": {"uv": [5, 12, 4, 13], "rotation": 180, "texture": "#3"},
				"down": {"uv": [4, 13, 5, 14], "texture": "#3"}
			}
		},
		{
			"name": "mossy_waystone_top_overlay_2",
			"from": [15.1, 6, 14],
			"to": [15.1, 12, 15.1],
			"rotation": {"angle": 0, "axis": "y", "origin": [16.1, 0, 16]},
			"faces": {
				"north": {"uv": [1, 4, 2, 10], "texture": "#3"},
				"east": {"uv": [1, 4, 2, 10], "texture": "#3"},
				"south": {"uv": [1, 4, 2, 10], "texture": "#3"},
				"west": {"uv": [1, 10, 2, 4], "rotation": 180, "texture": "#3"},
				"up": {"uv": [2, 4, 1, 5], "rotation": 90, "texture": "#3"},
				"down": {"uv": [1, 9, 2, 10], "rotation": 90, "texture": "#3"}
			}
		},
		{
			"name": "mossy_waystone_top_overlay_3",
			"from": [15.1, 7, 0.9],
			"to": [15.1, 12, 2],
			"rotation": {"angle": 0, "axis": "y", "origin": [16.1, 0, 16]},
			"faces": {
				"north": {"uv": [14, 4, 15, 9], "texture": "#3"},
				"east": {"uv": [14, 4, 15, 9], "texture": "#3"},
				"south": {"uv": [14, 4, 15, 9], "texture": "#3"},
				"west": {"uv": [14, 9, 15, 4], "rotation": 180, "texture": "#3"},
				"up": {"uv": [15, 4, 14, 5], "rotation": 90, "texture": "#3"},
				"down": {"uv": [14, 8, 15, 9], "rotation": 90, "texture": "#3"}
			}
		},
		{
			"name": "mossy_waystone_top_overlay_4",
			"from": [15.1, 9, 2],
			"to": [15.1, 11, 3],
			"rotation": {"angle": 0, "axis": "y", "origin": [16.1, 0, 16]},
			"faces": {
				"north": {"uv": [13, 5, 14, 7], "texture": "#3"},
				"east": {"uv": [13, 5, 14, 7], "texture": "#3"},
				"south": {"uv": [13, 5, 14, 7], "texture": "#3"},
				"west": {"uv": [13, 7, 14, 5], "rotation": 180, "texture": "#3"},
				"up": {"uv": [14, 5, 13, 6], "rotation": 90, "texture": "#3"},
				"down": {"uv": [13, 6, 14, 7], "rotation": 90, "texture": "#3"}
			}
		},
		{
			"name": "mossy_waystone_top_overlay_5",
			"from": [15.1, 8, 13],
			"to": [15.1, 10, 14],
			"rotation": {"angle": 0, "axis": "y", "origin": [16.1, 0, 16]},
			"faces": {
				"north": {"uv": [2, 6, 3, 8], "texture": "#3"},
				"east": {"uv": [2, 6, 3, 8], "texture": "#3"},
				"south": {"uv": [2, 6, 3, 8], "texture": "#3"},
				"west": {"uv": [2, 8, 3, 6], "rotation": 180, "texture": "#3"},
				"up": {"uv": [3, 6, 2, 7], "rotation": 90, "texture": "#3"},
				"down": {"uv": [2, 7, 3, 8], "rotation": 90, "texture": "#3"}
			}
		},
		{
			"name": "mossy_waystone_top_overlay_6",
			"from": [15.1, 9, 4],
			"to": [15.1, 10, 11],
			"rotation": {"angle": 0, "axis": "y", "origin": [16.1, 0, 16]},
			"faces": {
				"north": {"uv": [11, 6, 12, 7], "texture": "#3"},
				"east": {"uv": [5, 6, 12, 7], "texture": "#3"},
				"south": {"uv": [5, 6, 6, 7], "texture": "#3"},
				"west": {"uv": [5, 7, 12, 6], "rotation": 180, "texture": "#3"},
				"up": {"uv": [12, 6, 5, 7], "rotation": 90, "texture": "#3"},
				"down": {"uv": [5, 6, 12, 7], "rotation": 90, "texture": "#3"}
			}
		},
		{
			"name": "mossy_waystone_top_overlay_7",
			"from": [15.1, 6, 8],
			"to": [15.1, 9, 10],
			"rotation": {"angle": 0, "axis": "y", "origin": [16.1, 0, 16]},
			"faces": {
				"north": {"uv": [7, 7, 8, 10], "texture": "#3"},
				"east": {"uv": [6, 7, 8, 10], "texture": "#3"},
				"south": {"uv": [6, 7, 7, 10], "texture": "#3"},
				"west": {"uv": [6, 10, 8, 7], "rotation": 180, "texture": "#3"},
				"up": {"uv": [8, 7, 6, 8], "rotation": 90, "texture": "#3"},
				"down": {"uv": [6, 9, 8, 10], "rotation": 90, "texture": "#3"}
			}
		},
		{
			"name": "mossy_waystone_top_overlay_8",
			"from": [15.1, 7, 5],
			"to": [15.1, 9, 7],
			"rotation": {"angle": 0, "axis": "y", "origin": [16.1, 0, 16]},
			"faces": {
				"north": {"uv": [10, 7, 11, 9], "texture": "#3"},
				"east": {"uv": [9, 7, 11, 9], "texture": "#3"},
				"south": {"uv": [9, 7, 10, 9], "texture": "#3"},
				"west": {"uv": [9, 9, 11, 7], "rotation": 180, "texture": "#3"},
				"up": {"uv": [11, 7, 9, 8], "rotation": 90, "texture": "#3"},
				"down": {"uv": [9, 8, 11, 9], "rotation": 90, "texture": "#3"}
			}
		},
		{
			"name": "mossy_waystone_top_overlay_9",
			"from": [15.1, 6, 4],
			"to": [15.1, 8, 5],
			"rotation": {"angle": 0, "axis": "y", "origin": [16.1, 0, 16]},
			"faces": {
				"north": {"uv": [11, 8, 12, 10], "texture": "#3"},
				"east": {"uv": [11, 8, 12, 10], "texture": "#3"},
				"south": {"uv": [11, 8, 12, 10], "texture": "#3"},
				"west": {"uv": [11, 10, 12, 8], "rotation": 180, "texture": "#3"},
				"up": {"uv": [12, 8, 11, 9], "rotation": 90, "texture": "#3"},
				"down": {"uv": [11, 9, 12, 10], "rotation": 90, "texture": "#3"}
			}
		},
		{
			"name": "mossy_waystone_top_overlay_10",
			"from": [15.1, 4, 2],
			"to": [15.1, 8, 3],
			"rotation": {"angle": 0, "axis": "y", "origin": [16.1, 0, 16]},
			"faces": {
				"north": {"uv": [13, 8, 14, 12], "texture": "#3"},
				"east": {"uv": [13, 8, 14, 12], "texture": "#3"},
				"south": {"uv": [13, 8, 14, 12], "texture": "#3"},
				"west": {"uv": [13, 12, 14, 8], "rotation": 180, "texture": "#3"},
				"up": {"uv": [14, 8, 13, 9], "rotation": 90, "texture": "#3"},
				"down": {"uv": [13, 11, 14, 12], "rotation": 90, "texture": "#3"}
			}
		},
		{
			"name": "mossy_waystone_top_overlay_11",
			"from": [15.1, 5, 13],
			"to": [15.1, 7, 14],
			"rotation": {"angle": 0, "axis": "y", "origin": [16.1, 0, 16]},
			"faces": {
				"north": {"uv": [2, 9, 3, 11], "texture": "#3"},
				"east": {"uv": [2, 9, 3, 11], "texture": "#3"},
				"south": {"uv": [2, 9, 3, 11], "texture": "#3"},
				"west": {"uv": [2, 11, 3, 9], "rotation": 180, "texture": "#3"},
				"up": {"uv": [3, 9, 2, 10], "rotation": 90, "texture": "#3"},
				"down": {"uv": [2, 10, 3, 11], "rotation": 90, "texture": "#3"}
			}
		},
		{
			"name": "mossy_waystone_top_overlay_12",
			"from": [15.1, 5, 10],
			"to": [15.1, 7, 11],
			"rotation": {"angle": 0, "axis": "y", "origin": [16.1, 0, 16]},
			"faces": {
				"north": {"uv": [5, 9, 6, 11], "texture": "#3"},
				"east": {"uv": [5, 9, 6, 11], "texture": "#3"},
				"south": {"uv": [5, 9, 6, 11], "texture": "#3"},
				"west": {"uv": [5, 11, 6, 9], "rotation": 180, "texture": "#3"},
				"up": {"uv": [6, 9, 5, 10], "rotation": 90, "texture": "#3"},
				"down": {"uv": [5, 10, 6, 11], "rotation": 90, "texture": "#3"}
			}
		},
		{
			"name": "mossy_waystone_top_overlay_13",
			"from": [15.1, 6, 6],
			"to": [15.1, 7, 7],
			"rotation": {"angle": 0, "axis": "y", "origin": [16.1, 0, 16]},
			"faces": {
				"north": {"uv": [9, 9, 10, 10], "texture": "#3"},
				"east": {"uv": [9, 9, 10, 10], "texture": "#3"},
				"south": {"uv": [9, 9, 10, 10], "texture": "#3"},
				"west": {"uv": [9, 10, 10, 9], "rotation": 180, "texture": "#3"},
				"up": {"uv": [10, 9, 9, 10], "rotation": 90, "texture": "#3"},
				"down": {"uv": [9, 9, 10, 10], "rotation": 90, "texture": "#3"}
			}
		},
		{
			"name": "mossy_waystone_top_overlay_14",
			"from": [15.1, 6, 3],
			"to": [15.1, 7, 4],
			"rotation": {"angle": 0, "axis": "y", "origin": [16.1, 0, 16]},
			"faces": {
				"north": {"uv": [12, 9, 13, 10], "texture": "#3"},
				"east": {"uv": [12, 9, 13, 10], "texture": "#3"},
				"south": {"uv": [12, 9, 13, 10], "texture": "#3"},
				"west": {"uv": [12, 10, 13, 9], "rotation": 180, "texture": "#3"},
				"up": {"uv": [13, 9, 12, 10], "rotation": 90, "texture": "#3"},
				"down": {"uv": [12, 9, 13, 10], "rotation": 90, "texture": "#3"}
			}
		},
		{
			"name": "mossy_waystone_top_overlay_15",
			"from": [15.1, 4, 11],
			"to": [15.1, 6, 13],
			"rotation": {"angle": 0, "axis": "y", "origin": [16.1, 0, 16]},
			"faces": {
				"north": {"uv": [4, 10, 5, 12], "texture": "#3"},
				"east": {"uv": [3, 10, 5, 12], "texture": "#3"},
				"south": {"uv": [3, 10, 4, 12], "texture": "#3"},
				"west": {"uv": [3, 12, 5, 10], "rotation": 180, "texture": "#3"},
				"up": {"uv": [5, 10, 3, 11], "rotation": 90, "texture": "#3"},
				"down": {"uv": [3, 11, 5, 12], "rotation": 90, "texture": "#3"}
			}
		},
		{
			"name": "mossy_waystone_top_overlay_16",
			"from": [15.1, 3, 9],
			"to": [15.1, 6, 10],
			"rotation": {"angle": 0, "axis": "y", "origin": [16.1, 0, 16]},
			"faces": {
				"north": {"uv": [6, 10, 7, 13], "texture": "#3"},
				"east": {"uv": [6, 10, 7, 13], "texture": "#3"},
				"south": {"uv": [6, 10, 7, 13], "texture": "#3"},
				"west": {"uv": [6, 13, 7, 10], "rotation": 180, "texture": "#3"},
				"up": {"uv": [7, 10, 6, 11], "rotation": 90, "texture": "#3"},
				"down": {"uv": [6, 12, 7, 13], "rotation": 90, "texture": "#3"}
			}
		},
		{
			"name": "mossy_waystone_top_overlay_17",
			"from": [15.1, 2, 11],
			"to": [15.1, 4, 12],
			"rotation": {"angle": 0, "axis": "y", "origin": [16.1, 0, 16]},
			"faces": {
				"north": {"uv": [4, 12, 5, 14], "texture": "#3"},
				"east": {"uv": [4, 12, 5, 14], "texture": "#3"},
				"south": {"uv": [4, 12, 5, 14], "texture": "#3"},
				"west": {"uv": [4, 14, 5, 12], "rotation": 180, "texture": "#3"},
				"up": {"uv": [5, 12, 4, 13], "rotation": 90, "texture": "#3"},
				"down": {"uv": [4, 13, 5, 14], "rotation": 90, "texture": "#3"}
			}
		},
		{
			"name": "mossy_waystone_top_overlay_1",
			"from": [14, 6, 0.9],
			"to": [15.1, 12, 0.9],
			"rotation": {"angle": 0, "axis": "y", "origin": [16, 0, 15.9]},
			"faces": {
				"north": {"uv": [1, 4, 2, 10], "texture": "#3"},
				"east": {"uv": [1, 4, 2, 10], "texture": "#3"},
				"south": {"uv": [1, 10, 2, 4], "rotation": 180, "texture": "#3"},
				"west": {"uv": [1, 4, 2, 10], "texture": "#3"},
				"up": {"uv": [2, 4, 1, 5], "texture": "#3"},
				"down": {"uv": [1, 9, 2, 10], "rotation": 180, "texture": "#3"}
			}
		},
		{
			"name": "mossy_waystone_top_overlay_2",
			"from": [0.9, 7, 0.9],
			"to": [2, 12, 0.9],
			"rotation": {"angle": 0, "axis": "y", "origin": [16, 0, 15.9]},
			"faces": {
				"north": {"uv": [14, 4, 15, 9], "texture": "#3"},
				"east": {"uv": [14, 4, 15, 9], "texture": "#3"},
				"south": {"uv": [14, 9, 15, 4], "rotation": 180, "texture": "#3"},
				"west": {"uv": [14, 4, 15, 9], "texture": "#3"},
				"up": {"uv": [15, 4, 14, 5], "texture": "#3"},
				"down": {"uv": [14, 8, 15, 9], "rotation": 180, "texture": "#3"}
			}
		},
		{
			"name": "mossy_waystone_top_overlay_3",
			"from": [2, 9, 0.9],
			"to": [3, 11, 0.9],
			"rotation": {"angle": 0, "axis": "y", "origin": [16, 0, 15.9]},
			"faces": {
				"north": {"uv": [13, 5, 14, 7], "texture": "#3"},
				"east": {"uv": [13, 5, 14, 7], "texture": "#3"},
				"south": {"uv": [13, 7, 14, 5], "rotation": 180, "texture": "#3"},
				"west": {"uv": [13, 5, 14, 7], "texture": "#3"},
				"up": {"uv": [14, 5, 13, 6], "texture": "#3"},
				"down": {"uv": [13, 6, 14, 7], "rotation": 180, "texture": "#3"}
			}
		},
		{
			"name": "mossy_waystone_top_overlay_4",
			"from": [13, 8, 0.9],
			"to": [14, 10, 0.9],
			"rotation": {"angle": 0, "axis": "y", "origin": [16, 0, 15.9]},
			"faces": {
				"north": {"uv": [2, 6, 3, 8], "texture": "#3"},
				"east": {"uv": [2, 6, 3, 8], "texture": "#3"},
				"south": {"uv": [2, 8, 3, 6], "rotation": 180, "texture": "#3"},
				"west": {"uv": [2, 6, 3, 8], "texture": "#3"},
				"up": {"uv": [3, 6, 2, 7], "texture": "#3"},
				"down": {"uv": [2, 7, 3, 8], "rotation": 180, "texture": "#3"}
			}
		},
		{
			"name": "mossy_waystone_top_overlay_5",
			"from": [4, 9, 0.9],
			"to": [11, 10, 0.9],
			"rotation": {"angle": 0, "axis": "y", "origin": [16, 0, 15.9]},
			"faces": {
				"north": {"uv": [5, 6, 12, 7], "texture": "#3"},
				"east": {"uv": [5, 6, 6, 7], "texture": "#3"},
				"south": {"uv": [5, 7, 12, 6], "rotation": 180, "texture": "#3"},
				"west": {"uv": [11, 6, 12, 7], "texture": "#3"},
				"up": {"uv": [12, 6, 5, 7], "texture": "#3"},
				"down": {"uv": [5, 6, 12, 7], "rotation": 180, "texture": "#3"}
			}
		},
		{
			"name": "mossy_waystone_top_overlay_6",
			"from": [8, 6, 0.9],
			"to": [10, 9, 0.9],
			"rotation": {"angle": 0, "axis": "y", "origin": [16, 0, 15.9]},
			"faces": {
				"north": {"uv": [6, 7, 8, 10], "texture": "#3"},
				"east": {"uv": [6, 7, 7, 10], "texture": "#3"},
				"south": {"uv": [6, 10, 8, 7], "rotation": 180, "texture": "#3"},
				"west": {"uv": [7, 7, 8, 10], "texture": "#3"},
				"up": {"uv": [8, 7, 6, 8], "texture": "#3"},
				"down": {"uv": [6, 9, 8, 10], "rotation": 180, "texture": "#3"}
			}
		},
		{
			"name": "mossy_waystone_top_overlay_7",
			"from": [5, 7, 0.9],
			"to": [7, 9, 0.9],
			"rotation": {"angle": 0, "axis": "y", "origin": [16, 0, 15.9]},
			"faces": {
				"north": {"uv": [9, 7, 11, 9], "texture": "#3"},
				"east": {"uv": [9, 7, 10, 9], "texture": "#3"},
				"south": {"uv": [9, 9, 11, 7], "rotation": 180, "texture": "#3"},
				"west": {"uv": [10, 7, 11, 9], "texture": "#3"},
				"up": {"uv": [11, 7, 9, 8], "texture": "#3"},
				"down": {"uv": [9, 8, 11, 9], "rotation": 180, "texture": "#3"}
			}
		},
		{
			"name": "mossy_waystone_top_overlay_8",
			"from": [4, 6, 0.9],
			"to": [5, 8, 0.9],
			"rotation": {"angle": 0, "axis": "y", "origin": [16, 0, 15.9]},
			"faces": {
				"north": {"uv": [11, 8, 12, 10], "texture": "#3"},
				"east": {"uv": [11, 8, 12, 10], "texture": "#3"},
				"south": {"uv": [11, 10, 12, 8], "rotation": 180, "texture": "#3"},
				"west": {"uv": [11, 8, 12, 10], "texture": "#3"},
				"up": {"uv": [12, 8, 11, 9], "texture": "#3"},
				"down": {"uv": [11, 9, 12, 10], "rotation": 180, "texture": "#3"}
			}
		},
		{
			"name": "mossy_waystone_top_overlay_9",
			"from": [2, 4, 0.9],
			"to": [3, 8, 0.9],
			"rotation": {"angle": 0, "axis": "y", "origin": [16, 0, 15.9]},
			"faces": {
				"north": {"uv": [13, 8, 14, 12], "texture": "#3"},
				"east": {"uv": [13, 8, 14, 12], "texture": "#3"},
				"south": {"uv": [13, 12, 14, 8], "rotation": 180, "texture": "#3"},
				"west": {"uv": [13, 8, 14, 12], "texture": "#3"},
				"up": {"uv": [14, 8, 13, 9], "texture": "#3"},
				"down": {"uv": [13, 11, 14, 12], "rotation": 180, "texture": "#3"}
			}
		},
		{
			"name": "mossy_waystone_top_overlay_10",
			"from": [13, 5, 0.9],
			"to": [14, 7, 0.9],
			"rotation": {"angle": 0, "axis": "y", "origin": [16, 0, 15.9]},
			"faces": {
				"north": {"uv": [2, 9, 3, 11], "texture": "#3"},
				"east": {"uv": [2, 9, 3, 11], "texture": "#3"},
				"south": {"uv": [2, 11, 3, 9], "rotation": 180, "texture": "#3"},
				"west": {"uv": [2, 9, 3, 11], "texture": "#3"},
				"up": {"uv": [3, 9, 2, 10], "texture": "#3"},
				"down": {"uv": [2, 10, 3, 11], "rotation": 180, "texture": "#3"}
			}
		},
		{
			"name": "mossy_waystone_top_overlay_11",
			"from": [10, 5, 0.9],
			"to": [11, 7, 0.9],
			"rotation": {"angle": 0, "axis": "y", "origin": [16, 0, 15.9]},
			"faces": {
				"north": {"uv": [5, 9, 6, 11], "texture": "#3"},
				"east": {"uv": [5, 9, 6, 11], "texture": "#3"},
				"south": {"uv": [5, 11, 6, 9], "rotation": 180, "texture": "#3"},
				"west": {"uv": [5, 9, 6, 11], "texture": "#3"},
				"up": {"uv": [6, 9, 5, 10], "texture": "#3"},
				"down": {"uv": [5, 10, 6, 11], "rotation": 180, "texture": "#3"}
			}
		},
		{
			"name": "mossy_waystone_top_overlay_12",
			"from": [6, 6, 0.9],
			"to": [7, 7, 0.9],
			"rotation": {"angle": 0, "axis": "y", "origin": [16, 0, 15.9]},
			"faces": {
				"north": {"uv": [9, 9, 10, 10], "texture": "#3"},
				"east": {"uv": [9, 9, 10, 10], "texture": "#3"},
				"south": {"uv": [9, 10, 10, 9], "rotation": 180, "texture": "#3"},
				"west": {"uv": [9, 9, 10, 10], "texture": "#3"},
				"up": {"uv": [10, 9, 9, 10], "texture": "#3"},
				"down": {"uv": [9, 9, 10, 10], "rotation": 180, "texture": "#3"}
			}
		},
		{
			"name": "mossy_waystone_top_overlay_13",
			"from": [3, 6, 0.9],
			"to": [4, 7, 0.9],
			"rotation": {"angle": 0, "axis": "y", "origin": [16, 0, 15.9]},
			"faces": {
				"north": {"uv": [12, 9, 13, 10], "texture": "#3"},
				"east": {"uv": [12, 9, 13, 10], "texture": "#3"},
				"south": {"uv": [12, 10, 13, 9], "rotation": 180, "texture": "#3"},
				"west": {"uv": [12, 9, 13, 10], "texture": "#3"},
				"up": {"uv": [13, 9, 12, 10], "texture": "#3"},
				"down": {"uv": [12, 9, 13, 10], "rotation": 180, "texture": "#3"}
			}
		},
		{
			"name": "mossy_waystone_top_overlay_14",
			"from": [11, 4, 0.9],
			"to": [13, 6, 0.9],
			"rotation": {"angle": 0, "axis": "y", "origin": [16, 0, 15.9]},
			"faces": {
				"north": {"uv": [3, 10, 5, 12], "texture": "#3"},
				"east": {"uv": [3, 10, 4, 12], "texture": "#3"},
				"south": {"uv": [3, 12, 5, 10], "rotation": 180, "texture": "#3"},
				"west": {"uv": [4, 10, 5, 12], "texture": "#3"},
				"up": {"uv": [5, 10, 3, 11], "texture": "#3"},
				"down": {"uv": [3, 11, 5, 12], "rotation": 180, "texture": "#3"}
			}
		},
		{
			"name": "mossy_waystone_top_overlay_15",
			"from": [9, 3, 0.9],
			"to": [10, 6, 0.9],
			"rotation": {"angle": 0, "axis": "y", "origin": [16, 0, 15.9]},
			"faces": {
				"north": {"uv": [6, 10, 7, 13], "texture": "#3"},
				"east": {"uv": [6, 10, 7, 13], "texture": "#3"},
				"south": {"uv": [6, 13, 7, 10], "rotation": 180, "texture": "#3"},
				"west": {"uv": [6, 10, 7, 13], "texture": "#3"},
				"up": {"uv": [7, 10, 6, 11], "texture": "#3"},
				"down": {"uv": [6, 12, 7, 13], "rotation": 180, "texture": "#3"}
			}
		},
		{
			"name": "mossy_waystone_top_overlay_16",
			"from": [11, 2, 0.9],
			"to": [12, 4, 0.9],
			"rotation": {"angle": 0, "axis": "y", "origin": [16, 0, 15.9]},
			"faces": {
				"north": {"uv": [4, 12, 5, 14], "texture": "#3"},
				"east": {"uv": [4, 12, 5, 14], "texture": "#3"},
				"south": {"uv": [4, 14, 5, 12], "rotation": 180, "texture": "#3"},
				"west": {"uv": [4, 12, 5, 14], "texture": "#3"},
				"up": {"uv": [5, 12, 4, 13], "texture": "#3"},
				"down": {"uv": [4, 13, 5, 14], "rotation": 180, "texture": "#3"}
			}
		}
	],
	"groups": [
		{
			"name": "top",
			"origin": [8, 8, 8],
			"color": 0,
			"children": [
				0,
				1,
				{
					"name": "group",
					"origin": [8, 8, 8],
					"color": 0,
					"children": [
						{
							"name": "group",
							"origin": [8, 8, 8],
							"color": 0,
							"children": [
								{
									"name": "mossy_waystone_top_overlay",
									"origin": [8, 8, 8],
									"color": 0,
									"children": [2, 3, 4, 5, 6, 7, 8, 9, 10, 11, 12, 13, 14, 15, 16, 17]
								},
								{
									"name": "mossy_waystone_top_overlay",
									"origin": [8, 8, 8],
									"color": 0,
									"children": [18, 19, 20, 21, 22, 23, 24, 25, 26, 27, 28, 29, 30, 31, 32, 33]
								}
							]
						},
						{
							"name": "group",
							"origin": [8, 8, 8],
							"color": 0,
							"children": [
								{
									"name": "mossy_waystone_top_overlay",
									"origin": [8, 8, 8],
									"color": 0,
									"children": [34, 35, 36, 37, 38, 39, 40, 41, 42, 43, 44, 45, 46, 47, 48, 49]
								},
								{
									"name": "mossy_waystone_top_overlay",
									"origin": [8, 8, 8],
									"color": 0,
									"children": [50, 51, 52, 53, 54, 55, 56, 57, 58, 59, 60, 61, 62, 63, 64, 65]
								}
							]
						}
					]
				}
			]
		}
	]
}